,0,1,2,3,4,5,6
0,Name,Dwt,Built,Yard,Buyers,Price ($m),Notes
1,SINO MACRO,"311,168",1999,Hyundai Ulsan (KRS),Chinese buyer,20.5,CAP 2 rated. DD due 12/20.
2,ECO FUTURE + ECO QUEEN,"299,999",both 2016,Daewoo (KRS),DHT,68 each,SS due 8+9/21. Scrubber fitted.
3,TOVE KNUTSEN,"152,251",2020,Hyundai Ulsan (KRS),Undisclosed buyer,117.8,Shuttle tanker.
4,ESTEEM BRILLIANCE,"110,802",2006,Mitsui (JPN),European buyer,13.2,SS+BWTS due 11/21.
5,ARGENT BLOOM + LIBERTY,"33,609",both 2009,Kitanihon (JPN),EGD Chimcal,19.2 each,Stainless Steel. 18 grades.
6,CHEMROUTE SUN,"25,615",2008,Shin Kurushima (JPN),Tufton Oceanic,15.2,Stainless Steel. 18 grades. DD psd 6/20.
7,OCEAN HAWK,"9,010",2007,Yangzhou Kejin (CHN),Far Eastern buyer,3.1,IMO II. Epoxy. Bank driven sale.
