,0,1,2,3,4,5
0,Bunker Price (US $/MT),,,,,
1,,,,Month,Month-to-,Year-to-
2,Location,Current,Week Ago,,,
3,,,,Ago,Date,Date
4,380 CST,,,,,
5,Houston,327,308,293,316,316
6,New York,350,331,318,339,339
7,Rotterdam,338,312,300,323,323
8,Singapore,348,332,319,338,338
9,LSFO,,,,,
10,Houston,417,396,380,405,405
11,New York,432,420,395,425,425
12,Rotterdam,416,394,374,403,403
13,Singapore,447,423,395,433,433
14,MDO,,,,,
15,Houston,481,468,443,473,473
16,New York,490,476,451,483,483
17,Rotterdam,457,442,421,450,450
18,Singapore,465,448,425,454,454
19,Source: LQM Petroleum Services,,,,,
