,0,1,2,3,4,5,6,7,8
0,Newbuild Transactions,,,,,,,,
1,Date,No. Vessels,Size,DWT,Delivery,Yard,Buyers,Price ($m),Comments
2,Jan-21,2,VLCC,"300,000",3Q 2022,HHI,Latsco,~87 – 88,Scrubber fitted
3,Dec-20,3,VLCC,"300,000",4Q 2022,DSME,ADNOC,85.0,
4,Nov-20,10,VLCC,"300,000",4Q 2022,HHI,Everest Korea,88.0,Scrubber fitted
5,Nov-20,2,VLCC,"300,000",2Q 2022,HHI,Latsco,~87 – 88,Scrubber fitted
6,Oct-20,2,VLCC,"300,000",2Q 2022,HHI,Cido Shipping,~87 – 88,Scrubber fitted
7,Sep-20,2,VLCC,"300,000",2Q 2022,HHI,Kyklades,89.5,Scrubber fitted
8,Sep-20,2,VLCC,"300,000",2Q 2022,HHI,Central Mare,89.5,Scrubber fitted
9,Dec-20,1,Suezmax,"158,000",4Q 2022,SHI,Unisea,55.0,
10,Nov-20,3,Suezmax,"158,000",3Q 2022,SHI,Centrofin,58.0,Scrubber fitted
11,Nov-20,2,Suezmax,"156,000",2Q 2022,SHI,Unisea,55.0,
12,Dec-21,2,Aframax,"114,000",2023,COSCO,Aegean Shipping,-,Option declaration
13,Nov-20,1,Aframax,"115,000",2H2022,Daehan,Atlas Shipping,45.0,
14,Nov-20,2,LR2,"110,000",2023,GSI,Viken Shipping,58.0,"LNG DF, TC to Total"
15,Oct-20,1,Aframax,"115,000",1Q 2022,Daehan,Pleiades,47.0,Option declaration
16,Oct-20,2,Aframax,"112,500",2022,COSCO,Agean shipping,-,
17,Jan-21,1,MR,"50,000",2H 2022,HMD,Sumitomo,~34 – 35,
18,Nov-20,1,MR,"50,000",2H 2022,STX,Restis,34.0,Option declaration
19,Nov-20,1,MR,"49,900",2022,GSI,Proman Stena Bulk,-,Methanol DF
20,Nov-20,2,MR,"50,000",2H 2022,Daesun,Sea Pioneer,33.0,
21,Oct-21,1,MR,"50,000",1H 2022,HMD,E4C Shipping,~34 – 35,
22,Oct-20,2,MR,"50,000",1H 2022,HMD,Nissen Kaiun,~34 – 35,Scrubber fitted
23,Sep-20,2,MR,"50,000",2022,Penglai Jinglu,Raffles Shipping,33.0,IMO2
24,Sep-20,1,MR,"50,000",1Q 2022,HVS,Unknown Japanese,~33 – 34,
