,0,1,2,3,4
0,Size,1 Year,2 Year,3 Year,5 Year
1,VLCC,"$24,000","$26,000","$27,000","$28,000"
2,VLCC (ECO),"$26,000","$28,000","$29,000","$30,000"
3,SUEZMAX,"$16,500","$18,000","$19,000","$20,000"
4,SUEZMAX (ECO),"$17,500","$20,000","$21,000","$22,000"
5,"AFRAMAX (115,000 dwt)","$14,500","$15,250","$16,250","$18,000"
6,AFRAMAX (ECO),"$16,500","$17,250","$18,250","$19,000"
7,LR2,"$16,000","$17,000","$18,000","$18,000"
8,LR2 (ECO),"$17,000","$18,000","$19,000","$19,000"
9,PANAMAX,"$13,500","$14,000","$15,000","$14,500"
10,LR1,"$14,250","$15,500","$16,000","$16,000"
11,LR1 (ECO),"$15,250","$16,250","$17,000","$17,500"
12,MR,"$12,500","$13,750","$14,000","$14,000"
13,MR (ECO),"$13,750","$14,750","$15,250","$15,250"
14,,assumes no liability or responsibility for any errors or omissions in the content of this report.  This report is copyrighted by McQuilling and no part may be copied or reproduced for commercial purposes without the express written permission of McQuilli ng,,,
