,0,1,2,3,4,5,6
0,Name,Dwt,Built,Yard,Buyers,Price ($m),Notes
1,TSURUMI,"300,609","2,003",IHI (JPN),Chinese buyer,25,SS+BWTS due 9/21.
2,TONOS,"159,997","2,003",Samsung (KRS),Undisclosed buyer,16,DD due 1/21. BWTS included but not installed.
3,RIDGEBURY PALLAS,"159,195","2,005",Hyundai Ulsan (KRS),Seven Islands,17,SS+BWTS due 1/21.
4,AIAS + AMOUREUX,"149,993",both 2008,Universal (JPN),Ridgebury Tankers,22.5 each,Scrubber fitted.
5,CRIMSON,"146,645","1,998",Samsung (KRS),Chinese buyer,12,DD due 8/21.
6,OCEAN QUEST + OCEAN,,,,,,
7,UNICORN,"108,900",2008 + 2009,SWS (CHN),Union Maritime,15.3+15.7 (A)  Xihe judicial sale.,
8,STAVANGER EAGLE,"105,355","2,009",Sumitomo (JPN),Undisclosed buyer,19,DD due 12/21.
9,MATUKU,"50,143","2,016",SPP Sacheon (KRS),Japanese buyer,27,15 yrs BB back.. Purch/opt from 5/22.
10,FS SINCERITY,"48,023","2,009",Iwagi (JPN),Bangladeshi buyer,14,Pump-room. Clean trading.
11,ARDMORE SEAMARINER,"45,726","2,006",Minami Nippon (JPN),Undisclosed buyer,10,Pump-room. SS+BWTS due 10/21. CPP
