,0,1,2,3,4,5,6,7,8,9,10
0,Afra (East),,"14,500","16,000","18,000","16,750","19,000","21,000",TD8 AFRAMAX - MEG/SING,"-2,500","7,250"
1,LR2,,"16,750","18,500","19,250","19,000","20,750","21,250",TC1 LR2 - MEG/JAPAN,"6,750",n/a
2,LR1,,"15,000","15,500","15,750","16,750","17,000","17,250",TC5 LR1 - MEG/JAPAN,"5,500","10,750"
3,MR (West),,"12,500","13,250","13,750","14,000","15,000","15,500",TC2 + TC14 TRIANGULATION,"6,500","11,250"
4,MR (East),,"12,750","13,250","13,750","14,250","15,000","15,500",TC7 MR - SING/AUS,"7,750","9,750"
5,Handy,,"10,500","12,000","13,000","12,000","13,000","14,000",TC9 HANDY - BALT/UKC,"4,000","10,000"
6,Crude Fixtures,,,,,,,,,,
7,,Name,,"DWT
Blt",Builder,,Period,Charterer,"Rate
Scrubber",,Remarks
8,CS SHANDONG,,,,,,,,,,
9,VENTURE,,,"308,000 2021 Dalian No. 2",,,11-18 mths,Trafigura,"34,000 Scrubber fitted",,
10,,ASIAN PROGRESS VI,,"299,995 2019 Mitsui",,,12 mths,Equinor ASA,"30,000 Scrubber fitted",,
11,NISSOS TINOS,,,"158,000 2021 Hyundai Samho",,,"9-15 mths
Vitol",,"23,000 Scrubber fitted",,
12,,"STEALTH HARALAMBOS 113,021 2009 New Times",,,,6 mths,,Trafigura,,,
