,0,1,2,3,4,5,6,7,8
0,Reported Time Charter Fixtures,,,,,,,,
1,,,,,,,Period,Rate,
2,Date,Vessel,DWT,Blt,Disp. Owner,Charterer,,,Comments
3,,,,,,,(Mon.),($/day),
4,Jan-21,Hellas Nemesis,"49,999",2016,Latsco,Navig8,12,"$14,000",Period:12-18 months;Months 1-12@ $14K;Balance@ $15.25K
5,Jan-21,Zeynep,"158,060",2020,Koch,Total,1,"$19,500",Period: 30-120 days; Del WAF; CPP
6,Jan-21,Dee4 Elm,"47,401",2009,Dee4 Capital,Norden,12,"$12,500",
7,Jan-21,Nord Vision,"50,000",2021,Norden,Trafigura,24,"$15,250","Option 12 months @ $16,750"
8,Jan-21,Nord Valkyrie,"50,000",2021,Norden,Trafigura,12,"$14,750","Option 12 months @ $16,250"
9,Jan-21,PS Genova,"108,983",2010,Premuda,CNR,6,RNR,
10,Jan-21,Thunderbolt,"108,817",2008,BULL,Shell,12,"$14,500","Base Rate: $14,500; 50/50 Profit Share bss TC1"
11,Jan-21,Timberwolf,"109,650",2008,BULL,Shell,12,"$14,500","Base Rate: $14,500; 50/50 Profit Share bss TC1"
12,Jan-21,PS London,"50,921",2009,Premuda,Trafigura,2,"$12,500",Period: 2-5 months
13,Jan-21,Gulf Baynunah,"46,522",2008,Gulf Energy MaritimePetroineos,,12,"$13,000",Option 12 months
14,Jan-21,Asian Progress VI,"312,328",2019,Aramo,Equinor,12,"$30,000",
15,Dec-20,Nave Celeste,"298,717",2003,Navios,Clearlake,1,"$20,500","Period: 1-3 months; Month 1 @ $20,500"
16,Dec-20,Nissos Koufonissi,"157,447",2021,Kyklades,Vitol,9,"$23,000",Period: 9-15 months
17,Dec-20,Captain Lyristis,"158,082",2020,NS Lemos,ST Shipping,2,"$19,500",D 1-30@$19.5K;D 31-75@$21.25K;Balance@$22.75K
18,Dec-20,Eagle San Pedro,"157,849",2012,AET,Clearlake,1,"$15,000",Period: 15-145 days
19,Dec-20,Densa Orca,"158,322",2012,Densa Shipping,Trafigura,3,"$16,000",Period: 80-300 days
20,Dec-20,Top Ships TBN,"300,000",2022,Top Ships,Trafigura,36,"$36,000","Option 12 months @ $37,500; Option 12 months @ $41,000"
21,Dec-20,Top Ships TBN,"300,000",2022,Top Ships,Koch,36,"$36,000","Option 12 months @ $37,500; Option 12 months @ $41,000"
22,Dec-20,Nave Pyxis,"49,999",2014,Navios,SK Energy,6,"$13,200","Option 6 months @ $14,200"
23,Dec-20,Serendipity,"300,000",2021,Evaland,Trafigura,12,"$34,000",+/- 90 days
24,Dec-20,Nave Capella,"49,999",2013,Navios,CNR,12,RNR,
25,Dec-20,Aleksey Kosygin,"163,545",2007,Sovcomflot,PETCO,12,"$20,000",
26,Dec-20,Sven,"51,703",2010,Tufton Oceanic,Trafigura,5,"$10,000",Period: 5-8 months;Extension
27,Dec-20,Olaf,"51,672",2010,Tufton Oceanic,Trafigura,5,"$10,000",Period: 5-8 months;Extension
28,Dec-20,Atherina,"320,159",2011,Transmed,Trafigura,3,RNR,Period: 3-6 months
29,Dec-20,Sloan Square,"114,900",2013,Zodiac Maritime,Shell,3,"$16,000","Option 3 months @ $18,000"
30,Dec-20,C. Galaxy,"316,427",2009,SK Shipping,Unipec,12,"$18,000","Base Rate: $18,000; Bracket tiered profit share thereafter"
