,0,1,2,3,4,5,6
0,,,,,"Base Rate: $18,000; Bracket tiered profit share thereafter",,
1,Motiva,PNR,RNR,Min / Max structure,,,
2,,Jones Act Time Charter Rates (US$/day),,,,,
3,Non Eco MR,Current,3 Mos Ago,Year Ago 12 Mos Avg.,,2019 Avg.,2018 Avg
4,1-year TC,"53,000","54,000","61,000","56,729","56,712","57,952"
5,3-year TC,"60,000","61,000","63,000","61,925","61,923","61,981"
6,Eco MR,Current,3 Mos Ago,Year Ago 12 Mos Avg.,,2019 Avg.,2018 Avg
7,1-year TC,"54,000","55,000","62,500","57,933","57,913","59,308"
8,3-year TC,"61,000","62,000","66,000","63,925","63,923","64,981"
9,,,,,,,Page 1
10,PERTH,,ATHENS,,SINGAPORE,,GUANGZHOU
