,0,1,2,3,4,5
0,Bunker Price (US $/MT),,,,,
1,,,,Month,Month-to-,Year-to-
2,Location,Current,Week Ago,,,
3,,,,Ago,Date,Date
4,380 CST,,,,,
5,Houston,326,327,293,319,319
6,New York,348,350,318,342,342
7,Rotterdam,330,338,300,326,326
8,Singapore,345,348,319,340,340
9,LSFO,,,,,
10,Houston,418,417,380,409,409
11,New York,437,432,395,429,429
12,Rotterdam,422,416,374,409,409
13,Singapore,453,447,395,439,439
14,MDO,,,,,
15,Houston,484,481,443,477,477
16,New York,490,490,451,485,485
17,Rotterdam,464,457,421,454,454
18,Singapore,472,465,425,460,460
19,Source: LQM Petroleum Services,,,,,
