,0,1,2,3,4,5,6,7,8
0,,Reported Sale & Purchase Transactions,,,,,,,
1,Date,Vessel,DWT,Blt,Yard,Seller,Buyer,Price ($m),Comments
2,Jan-21,Eco Future,"299,999",2016,Daewoo,Awilco Eco Tankers,"DHT Holdings, Inc.",68,"Scrub-Fitted, del 1st half of 2021"
3,Jan-21,Eco Queen,"299,999",2016,Daewoo,Awilco Eco Tankers,"DHT Holdings, Inc.",68,"Scrub-Fitted, del 1st half of 2021"
4,Jan-21,Pantariste,"309,287",2002,Samsung,Minerva Marine,Undisclosed,23.25,
5,Jan-21,Tsurumi,"300,610",2003,IHI,NYK Line,Chinese Interests,24.6,
6,Dec-20,Regulus,"310,106",2000,Samsung,Maran,Undisclosed,21,
7,Dec-20,Najaf,"309,498",2000,Hyundai Ulsan,Lendoudis EC,Greek Buyer,19.2,
8,Nov-20,Selene Trader,"300,727",2003,Mitsui Ichihara,Mitsui OSK Lines,Far Eastern,23.85,
9,Nov-20,TRF Horten,"297,638",2018,Hanjin HI,TRF,Delta,71,
10,Oct-20,Hunter Laga,"299,995",2019,Daewoo,Hunter Group,Adnoc,84.2,
11,Oct-20,Hunter Saga,"299,995",2019,Daewoo,Hunter Group,Adnoc,84.2,
12,Oct-20,ADS Page,"299,292",2002,Hitachi Zosen Ariake,ADS Crude Carriers PLC,Middle Eastern Interests,25.5,Scrubber-fitted
13,Oct-20,Olympic Liberty,"309,449",2003,Samsung,Olympic Shipping MGNT,Asian Interests,25.5,
14,Oct-20,Bunga Kasturi Tiga,"300,399",2006,Universal,AET,Pertamina,31,
15,Oct-20,ADS Serenade,"299,292",2002,Hitachi Zosen Ariake,ADS Crude Carriers PLC,Koban Shipping,25.5,Scrubber fitted
16,Oct-20,Seaways Mulan,"318,518",2002,Hyundai Ulsan,International Seaways,Undisclosed,23.5,
17,Oct-20,Seaways Rosalyn,"317,972",2003,Hyundai Ulsan,International Seaways,Undisclosed,25,
18,Nov-20,Bonny,"159,152",2005,Hyundai Ulsan,Tufton Oceanic,Undisclosed,19.5,
19,Oct-20,Bastia,"159,155",2005,Hyundai Ulsan,Euronav,Seven Islands,20.5,Basis D/D due
20,Jan-21,Stavanger Eagle,"105,355",2009,Sumitomo,DSD,Coral Shipping,18.5,
21,Dec-20,Pamisos,"105,335",2011,Sumitomo,Pleiades,Moundreas,22.7,
22,Dec-20,Champion Prince,"105,258",2012,Hyundai Ulsan,NYK,Eastmed,24,
23,Oct-20,Champion Princess,"105,258",2012,Hyundai Ulsan,NYK,Undisclosed,26.5,
24,Oct-20,Ocean Lady,"108,942",2008,SWS,Hin Leong Trading,Buana Lintas Lautan,PNR,Shares / Cash Deal
25,Oct-20,Ocean Odyssey,"108,942",2008,SWS,Hin Leong Trading,Buana Lintas Lautan,PNR,Shares / Cash Deal
26,Oct-20,Minerva Concert,"105,817",2003,Namura,Minerva Marine,Undisclosed,13,
27,May-20,Amazon Gladiator,"72,910",2001,Hyundai Ulsan,Sun Enterpises,Peninsula Petroleum,9,
28,May-20,Wembley,"74,999",2000,Daewoo,Union Maritime,Unknown,7.6,
29,Dec-20,Nord Pearl,"50,078",2009,SPP,Norden,Marflet,16.2,Scrub-fitted.Prompt Delivery USG.
30,Nov-20,Atlantic Pegasus,"46,838",2010,Hyundai Mipo,Cido Shipping,Torm,16.2,Basis S/S Due
31,Nov-20,Atlantic Queen,"46,838",2010,Hyundai Mipo,Cido Shipping,Torm,16.2,Basis S/S Due
32,Oct-20,Carina,"47,962",2010,Iwagi,Blue Wake Shipping,Spring Marine,14.5,Del Jan BWTS costs for buyers acct
33,Oct-20,Atlantic Mirage,"51,476",2009,STX,Diamond S Shipping Inc,Marflet Marine,16.5,
34,Oct-20,Nord Integrity,"48,026",2010,Imabari,Norden,Undisclosed,16.6,
35,Oct-20,Nord Sakura,"45,953",2012,Shin Kurushima,Nagashiki Kisen K.K.,Coral Shipping,16.35,
36,Oct-20,Eagle Matsuyama,"45,942",2010,Shin Kurushima,AET,Undisclosed,15.5,S/S & BWTS Retrofit Due
37,Dec-20,Nord Butterfly,"38,375",2008,Guangzhou,Norden,Ancora,9,
38,NEW YORK,LONDON,,,HOUSTON,PERTH,ATHENS,SINGAPORE,GUANGZHOU
