,0,1,2,3,4,5,6
0,Name,Dwt,Built,Yard,Buyers,Price ($m),Notes
1,PANTARISTE,"309,288",,2002  Samsung (KRS),Cosmoship Maritime,23,SS due 12/21.
2,AMALFI,"105,483",,2003  Sumitomo (JPN),Undisclosed buyer,11,Coated. Trading dirty.
3,ECO SANTA MONICA + ECO,,,,,,
4,VAN NUYS + ECO VENICE,,,,,,
5,BEACH,"50,000",,all 2021  Hyundai Mipo (KRS),Eastmed,34 each,BWTS+Scrubber fitted.
6,NORDIC HANNE,"38,396",,2007  Guangzhou (CHN),German buyer,8,No BWTS. Deepwell. Clean.
7,ADFINES SKY,"19,118",,2011  Yangfan (CHN),RF Ocean,9,Marineline. Ice 1A. SS due 11/21.
8,GUANG HUI 328,"4,261",,2016  Rizhao Kingda (CHN),Shandong Port Shipping,6.03 (A),RMB 39m. Auction sale. Twin engine.
9,C.P. 41,"4,023",,1998  Higaki (JPN),Undisclosed buyer,2,
