,0,1,2,3,4,5,6,7
0,Clean Fixtures,,,,,,,
1,Name,"DWT 
Blt",Builder,Period,Charterer,Rate,Scrubber,Remarks
2,OCEAN QUEST,"108,912  2008",Shanghai Waigaoqiao,24 mths,BP,,,
3,OCEAN UNICORN,"108,040  2009",Shanghai Waigaoqiao,24 mths,BP,,,
4,ARAMON,"74,060  2010",SPP Sacheon,3 mths,Mocoh Energy,,Scrubber,
5,NORD VALKYRIE,"50,550  2021",Hyundai Vinashin,12 mths,Trafigura,"14,750",Scrubber,
6,NORD VICTORIOUS,"50,000  2021",Hyundai Vinashin,2 yrs,Trafigura,"15,250",,
7,NORD VISION,"50,000  2021",Hyundai Vinashin,2-1 yrs,Trafigura,"15,250",,
8,HELLAS AVATAR,"50,040  2015",Hyundai Mipo,12-18 mths,Clearlake,"13,750",,
9,HELLAS NEMESIS,"49,994  2016",Hyundai Mipo,12 mths,Navig8,"14,000",,
